<?xml version="1.0" encoding="UTF-8" standalone="yes"?>
<endpoint encryptSecureInfo="false" name="default" type="JSON" url="https://konysolutions.zendesk.com">
    <apiThrottling/>
    <config>
        <entry>
            <key>server.auth.mode</key>
            <value>basic</value>
        </entry>
        <entry>
            <key>ignorehttpproxy</key>
            <value>true</value>
        </entry>
        <entry>
            <key>pwd</key>
            <value>isT52uSW9esXOxR4L3gyUPeGPCQD395t7tN5dw5D</value>
        </entry>
        <entry>
            <key>userid</key>
            <value>product.license@kony.com/token</value>
        </entry>
    </config>
</endpoint>
