<?xml version="1.0" encoding="UTF-8" standalone="yes"?>
<customComponent>
    <isOverride>false</isOverride>
    <i18nSupported>true</i18nSupported>
    <id>jsSPACustomWidget24282788921</id>
    <konyWrapperFiles>resources\thirdpartywidgets\widgetwrapper\GaugeChart.js</konyWrapperFiles>
    <libraryFiles>resources\thirdpartywidgets\gstatic\loader.js</libraryFiles>
    <libraryName>gstatic</libraryName>
    <marginSupported>true</marginSupported>
    <name>GaugeChart</name>
    <paddingSupported>true</paddingSupported>
    <platformID>0</platformID>
</customComponent>
