{
    "AS_Button_f480db671a604c71a3d8eed9851c18cb": {
        "id": "AS_Button_f480db671a604c71a3d8eed9851c18cb",
        "type": "ACTION_SEQUENCE",
        "params": [{
            "datatype": "collection",
            "name": "eventobject"
        }],
        "contextObj": {
            "name": "frmDashboard",
            "type": "forms",
            "platform": "",
            "KUID": "b050cc760d5244c2a898d2164fd8666a"
        },
        "language": "js",
        "actions": [{
            "id": "INVOKE_FUNCTION___facd0c9d5f9c43848043756fe76036db",
            "type": "INVOKE_FUNCTION",
            "sequenceKUID": "getResponse",
            "display": "getResponse",
            "inputparams": [{
                "name": "viewIdHere"
            }],
            "parentId": null,
            "callbackType": null,
            "disabled": null,
            "source": "module"
        }]
    }
}