{
    "AS_Button_j3c670e1ff7c4af6a2beaac3d8d15bd5": {
        "id": "AS_Button_j3c670e1ff7c4af6a2beaac3d8d15bd5",
        "type": "ACTION_SEQUENCE",
        "params": [{
            "datatype": "collection",
            "name": "eventobject"
        }],
        "contextObj": {
            "name": "frmDashboard",
            "type": "forms",
            "platform": "",
            "KUID": "b050cc760d5244c2a898d2164fd8666a"
        },
        "language": "js",
        "actions": [{
            "id": "ADD_SNIPPET__f4eb7ee27926487499c807e70b7d18fd",
            "type": "ADD_SNIPPET",
            "codeSnippet": "frmDashboard.flxPopupLead.setVisibility(false);\nfrmDashboard.flxIndicators.opacity=1;",
            "parentId": null,
            "callbackType": null
        }]
    }
}