{
    "AS_Button_d3edde8805ff4a50b431a6d008c34d56": {
        "id": "AS_Button_d3edde8805ff4a50b431a6d008c34d56",
        "type": "ACTION_SEQUENCE",
        "params": [{
            "datatype": "collection",
            "name": "eventobject"
        }],
        "language": "js",
        "actions": [{
            "id": "ADD_SNIPPET_ide_onClick_ce53f2b5035545bd9fe3410574e68aa8",
            "type": "ADD_SNIPPET",
            "codeSnippet": "frmDashboard.flxPopupLag.setVisibility(false);\nfrmDashboard.flxIndicators.opacity=1;",
            "callbackType": null
        }]
    }
}