{
    "AS_Button_d854375919574f279f68f78c9ef8979b": {
        "id": "AS_Button_d854375919574f279f68f78c9ef8979b",
        "type": "ACTION_SEQUENCE",
        "params": [{
            "datatype": "collection",
            "name": "eventobject"
        }],
        "contextObj": {
            "name": "frmDashboard",
            "type": "forms",
            "platform": "",
            "KUID": "b050cc760d5244c2a898d2164fd8666a"
        },
        "language": "js",
        "actions": [{
            "id": "INVOKE_FUNCTION___a18b87eb29d544c39ce0644eb45c7ae8",
            "type": "INVOKE_FUNCTION",
            "sequenceKUID": "getResponse",
            "display": "getResponse",
            "inputparams": [{
                "name": "viewIdHere"
            }],
            "parentId": null,
            "callbackType": null,
            "disabled": null,
            "source": "module"
        }]
    }
}