{
    "AS_FlexContainer_a16d20ad4a8548d684cb59f3c293da1c": {
        "id": "AS_FlexContainer_a16d20ad4a8548d684cb59f3c293da1c",
        "type": "ACTION_SEQUENCE",
        "params": [{
            "datatype": "collection",
            "name": "eventobject"
        }],
        "language": "js",
        "actions": [{
            "id": "INVOKE_FUNCTION__ide_onClick_add9222aa18947d0bf3aa1a5bc19e5de",
            "type": "INVOKE_FUNCTION",
            "sequenceKUID": "showNFBPopup",
            "display": "showNFBPopup",
            "inputparams": [{
                "name": "context",
                "value": " eventobject"
            }],
            "callbackType": null,
            "disabled": null,
            "source": "module"
        }]
    }
}