{
    "AS_FlexContainer_af97b71e227e431098a8bdb06ee59394": {
        "id": "AS_FlexContainer_af97b71e227e431098a8bdb06ee59394",
        "type": "ACTION_SEQUENCE",
        "params": [{
            "datatype": "collection",
            "name": "eventobject"
        }],
        "contextObj": {
            "name": "frmDashboard",
            "type": "forms",
            "platform": "",
            "KUID": "b050cc760d5244c2a898d2164fd8666a"
        },
        "language": "js",
        "actions": [{
            "id": "INVOKE_FUNCTION___ab658a89f90346e4b4a3db8ed1fc18a9",
            "type": "INVOKE_FUNCTION",
            "sequenceKUID": "navigateToView",
            "display": "navigateToView",
            "inputparams": [{
                "name": "context",
                "value": " eventobject"
            }],
            "parentId": null,
            "callbackType": null,
            "disabled": null,
            "source": "module"
        }]
    }
}