{
    "AS_FlexContainer_a2030c3e2a7f45feb5aa0cf9418daa56": {
        "id": "AS_FlexContainer_a2030c3e2a7f45feb5aa0cf9418daa56",
        "type": "ACTION_SEQUENCE",
        "params": [{
            "datatype": "collection",
            "name": "eventobject"
        }],
        "language": "js",
        "actions": [{
            "id": "INVOKE_FUNCTION__ide_onClick_ebf9e63008ec430cb6d6eee0034cf54a",
            "type": "INVOKE_FUNCTION",
            "sequenceKUID": "showPopup",
            "display": "showPopup",
            "inputparams": [{
                "name": "context",
                "value": " eventobject"
            }],
            "callbackType": null,
            "disabled": null,
            "source": "module"
        }]
    }
}