{
    "AS_FlexContainer_a405ae1cad7146e6846ccd060a3fd029": {
        "id": "AS_FlexContainer_a405ae1cad7146e6846ccd060a3fd029",
        "type": "ACTION_SEQUENCE",
        "params": [{
            "datatype": "collection",
            "name": "eventobject"
        }],
        "language": "js",
        "actions": [{
            "id": "ADD_SNIPPET_ide_onClick_ha0e7f618f6640648c10708a8a6639c4",
            "type": "ADD_SNIPPET",
            "codeSnippet": "if(frmDashboard.flxRBList.isVisible)\n frmDashboard.flxRBList.setVisibility(false);\nelse\n  {\n     \n     frmDashboard.flxNFBList.setVisibility(false);\n    frmDashboard.flxMttrList.setVisibility(false);\n     frmDashboard.flxFirstResBreachedList.setVisibility(false);\n    frmDashboard.flxRBList.setVisibility(true);\n  }",
            "callbackType": null
        }]
    }
}