{
    "AS_FlexContainer_a8eb57fd242844e5b53eb4fea0d6e9da": {
        "id": "AS_FlexContainer_a8eb57fd242844e5b53eb4fea0d6e9da",
        "type": "ACTION_SEQUENCE",
        "params": [{
            "datatype": "collection",
            "name": "eventobject"
        }],
        "language": "js",
        "actions": [{
            "id": "ADD_SNIPPET_ide_onClick_fa096c4f2263462f94e39bc1cb6b1b5f",
            "type": "ADD_SNIPPET",
            "codeSnippet": "if(frmDashboard.flxResToBreachList.isVisible)\n  {\n frmDashboard.flxResToBreachList.setVisibility(false);\n  frmDashboard.flxSLA.setVisibility(true);\n  }\nelse\n  {\n    \n     frmDashboard.flxInteractionsList.setVisibility(false);\n     frmDashboard.flxAutoClosureList.setVisibility(false);\n     frmDashboard.flxNoFirstResList.setVisibility(false);\n    frmDashboard.flxSLAList.setVisibility(false);\n    frmDashboard.flxSLA.setVisibility(false);\n     frmDashboard.flxResToBreachList.setVisibility(true);\n    \n    frmDashboard.flxNoFirstResponse.setVisibility(true);\n    frmDashboard.flxResolutionToBreach.top=\"2%\";\n    frmDashboard.flxResolutionToBreach.forceLayout();\n  }",
            "callbackType": null
        }]
    }
}