{
    "AS_FlexContainer_abe9aae68f464caebe170902ff948f96": {
        "id": "AS_FlexContainer_abe9aae68f464caebe170902ff948f96",
        "type": "ACTION_SEQUENCE",
        "params": [{
            "datatype": "collection",
            "name": "eventobject"
        }],
        "language": "js",
        "actions": [{
            "id": "INVOKE_FUNCTION__ide_onClick_b352da3341b743e58ca99f259b42cdb4",
            "type": "INVOKE_FUNCTION",
            "sequenceKUID": "showSolvedPopup",
            "display": "showSolvedPopup",
            "inputparams": [{
                "name": "context",
                "value": " eventobject"
            }],
            "callbackType": null,
            "disabled": null,
            "source": "module"
        }]
    }
}