{
    "AS_FlexContainer_a1ea7a6c777f4d23ad69128fd51a1123": {
        "id": "AS_FlexContainer_a1ea7a6c777f4d23ad69128fd51a1123",
        "type": "ACTION_SEQUENCE",
        "params": [{
            "datatype": "collection",
            "name": "eventobject"
        }],
        "language": "js",
        "actions": [{
            "id": "ADD_SNIPPET_ide_onClick_ad680013b63b43808e956fb6ab705b0c",
            "type": "ADD_SNIPPET",
            "codeSnippet": "if(frmDashboard.flxSolvedList.isVisible)\n  {\n    frmDashboard.flxSolvedList.setVisibility(false);\n  }\nelse\n  {\n     \n   \n     frmDashboard.flxOpenList.setVisibility(false);\n    frmDashboard.flxPendingList.setVisibility(false);\n    frmDashboard.flxOPMTTRList.setVisibility(false);\n      frmDashboard.flxSolvedList.setVisibility(true);\n  }\n",
            "callbackType": null
        }]
    }
}