{
    "AS_FlexContainer_ad65dd6fcd17431db2fa5fc4f314af73": {
        "id": "AS_FlexContainer_ad65dd6fcd17431db2fa5fc4f314af73",
        "type": "ACTION_SEQUENCE",
        "params": [{
            "datatype": "collection",
            "name": "eventobject"
        }],
        "contextObj": {
            "name": "frmDashboard",
            "type": "forms",
            "platform": "",
            "KUID": "b050cc760d5244c2a898d2164fd8666a"
        },
        "language": "js",
        "actions": [{
            "id": "INVOKE_FUNCTION__ide_onClick_ec609b1e67374735baa7c357c4a1cbd8",
            "type": "INVOKE_FUNCTION",
            "sequenceKUID": "showPopup",
            "display": "showPopup",
            "inputparams": [{
                "name": "context",
                "value": " eventobject"
            }],
            "callbackType": null,
            "disabled": null,
            "source": "module"
        }]
    }
}