{
    "AS_FlexContainer_aae79fb09a8847dba8b651820f6c77d0": {
        "id": "AS_FlexContainer_aae79fb09a8847dba8b651820f6c77d0",
        "type": "ACTION_SEQUENCE",
        "params": [{
            "datatype": "collection",
            "name": "eventobject"
        }],
        "language": "js",
        "actions": [{
            "id": "ADD_SNIPPET_ide_onClick_f9481cc970c546afaacdb872d83a5030",
            "type": "ADD_SNIPPET",
            "codeSnippet": "if(frmDashboard.flxMttrList.isVisible )\n frmDashboard.flxMttrList.setVisibility(false);\nelse\n  {\n     \n    \n         frmDashboard.flxFirstResBreachedList.setVisibility(false);\n    frmDashboard.flxRBList.setVisibility(false);\n     frmDashboard.flxNFBList.setVisibility(false);\n    frmDashboard.flxMttrList.setVisibility(true);\n\n  }",
            "callbackType": null
        }]
    }
}