{
    "AS_FlexContainer_a7d9e3065c2346cd8034ba6b8259eeea": {
        "id": "AS_FlexContainer_a7d9e3065c2346cd8034ba6b8259eeea",
        "type": "ACTION_SEQUENCE",
        "params": [{
            "datatype": "collection",
            "name": "eventobject"
        }],
        "contextObj": {
            "name": "frmDashboard",
            "type": "forms",
            "platform": "",
            "KUID": "b050cc760d5244c2a898d2164fd8666a"
        },
        "language": "js",
        "actions": [{
            "id": "INVOKE_FUNCTION___eaefb491291c44d1814ee1ab3bab0c99",
            "type": "INVOKE_FUNCTION",
            "sequenceKUID": "showInteractionsPopup",
            "display": "showInteractionsPopup",
            "inputparams": [{
                "name": "context",
                "value": " eventobject"
            }],
            "parentId": null,
            "callbackType": null,
            "disabled": null,
            "source": "module"
        }]
    }
}