{
    "AS_FlexContainer_b598702eac01414eaa1d7c79c1e48578": {
        "id": "AS_FlexContainer_b598702eac01414eaa1d7c79c1e48578",
        "type": "ACTION_SEQUENCE",
        "params": [{
            "datatype": "collection",
            "name": "eventobject"
        }, {
            "datatype": "string",
            "name": "x"
        }, {
            "datatype": "string",
            "name": "y"
        }],
        "contextObj": {
            "name": "frmDashboard",
            "type": "forms",
            "platform": "",
            "KUID": "b050cc760d5244c2a898d2164fd8666a"
        },
        "language": "js",
        "actions": [{
            "id": "INVOKE_FUNCTION___i7e930a955b24146949cb139a43d20c5",
            "type": "INVOKE_FUNCTION",
            "sequenceKUID": "showPopup",
            "display": "showPopup",
            "inputparams": [{
                "name": "context"
            }],
            "parentId": null,
            "callbackType": null,
            "disabled": null,
            "source": "module"
        }]
    }
}