{
    "AS_FlexContainer_acb1f16d25b84976b17b21fc9df50f8d": {
        "id": "AS_FlexContainer_acb1f16d25b84976b17b21fc9df50f8d",
        "type": "ACTION_SEQUENCE",
        "params": [{
            "datatype": "collection",
            "name": "eventobject"
        }],
        "language": "js",
        "actions": [{
            "id": "INVOKE_FUNCTION__ide_onClick_ebdf15fb05aa48a991ef82556c8a72f9",
            "type": "INVOKE_FUNCTION",
            "sequenceKUID": "showRC_SOLPopup",
            "display": "showRC_SOLPopup",
            "inputparams": [{
                "name": "context",
                "value": " eventobject"
            }],
            "callbackType": null,
            "disabled": null,
            "source": "module"
        }]
    }
}