{
    "AS_FlexContainer_b5b5730c62af47f8a527c464272ec474": {
        "id": "AS_FlexContainer_b5b5730c62af47f8a527c464272ec474",
        "type": "ACTION_SEQUENCE",
        "params": [{
            "datatype": "collection",
            "name": "eventobject"
        }],
        "contextObj": {
            "name": "frmDashboard",
            "type": "forms",
            "platform": "",
            "KUID": "b050cc760d5244c2a898d2164fd8666a"
        },
        "language": "js",
        "actions": [{
            "id": "INVOKE_FUNCTION__ide_onClick_eaae10324bcb40cc9759d8c13ac8eef2",
            "type": "INVOKE_FUNCTION",
            "sequenceKUID": "showPopup",
            "display": "showPopup",
            "inputparams": [{
                "name": "context",
                "value": " eventobject"
            }],
            "callbackType": null,
            "disabled": null,
            "source": "module"
        }]
    }
}