{
    "AS_FlexContainer_ab6109487bf8495288d0b363a189f9b9": {
        "id": "AS_FlexContainer_ab6109487bf8495288d0b363a189f9b9",
        "type": "ACTION_SEQUENCE",
        "params": [{
            "datatype": "collection",
            "name": "eventobject"
        }],
        "language": "js",
        "actions": [{
            "id": "INVOKE_FUNCTION__ide_onClick_h9575156665c428fb358102c30bb8ae4",
            "type": "INVOKE_FUNCTION",
            "sequenceKUID": "navigateToView",
            "display": "navigateToView",
            "inputparams": [{
                "name": "context",
                "value": " eventobject"
            }],
            "callbackType": null,
            "disabled": null,
            "source": "module"
        }]
    }
}