{
    "AS_FlexContainer_b700562b2e314a049ff35e6da133ee52": {
        "id": "AS_FlexContainer_b700562b2e314a049ff35e6da133ee52",
        "type": "ACTION_SEQUENCE",
        "params": [{
            "datatype": "collection",
            "name": "eventobject"
        }],
        "language": "js",
        "actions": [{
            "id": "ADD_SNIPPET_ide_onClick_de05fa81449e44189dc5ac6f5d017399",
            "type": "ADD_SNIPPET",
            "codeSnippet": "if(frmDashboard.flxRBList.isVisible)\n frmDashboard.flxRBList.setVisibility(false);\nelse\n  {\n     \n     frmDashboard.flxNFBList.setVisibility(false);\n    frmDashboard.flxMttrList.setVisibility(false);\n     frmDashboard.flxFirstResBreachedList.setVisibility(false);\n    frmDashboard.flxRBList.setVisibility(true);\n  }",
            "callbackType": null
        }]
    }
}