{
    "AS_FlexContainer_ad5ab9b175d64cd8902fe987f9b71bb3": {
        "id": "AS_FlexContainer_ad5ab9b175d64cd8902fe987f9b71bb3",
        "type": "ACTION_SEQUENCE",
        "params": [{
            "datatype": "collection",
            "name": "eventobject"
        }],
        "contextObj": {
            "name": "frmDashboard",
            "type": "forms",
            "platform": "",
            "KUID": "b050cc760d5244c2a898d2164fd8666a"
        },
        "language": "js",
        "actions": [{
            "id": "ADD_SNIPPET__be07daebe8004ebe822fcac2ef51a7bd",
            "type": "ADD_SNIPPET",
            "codeSnippet": "if(frmDashboard.flxQualityIndicators.flxSeverityJustificationList.isVisible )\n  {\n frmDashboard.flxQualityIndicators.flxSeverityJustificationList.setVisibility(false);\n      frmDashboard.flxQualityIndicators.flxSolution.setVisibility(true);\n  }\nelse\n  {\n     frmDashboard.flxProblemStatementList.setVisibility(false);\n     frmDashboard.flxSolutionList.setVisibility(false);\n    frmDashboard.flxRootCauseList.setVisibility(false);\n     frmDashboard.flxCustomerDiscussionList.setVisibility(false);\n     frmDashboard.flxQualityIndicators.flxSeverityJustificationList.setVisibility(true);\n  \n  \n   frmDashboard.flxQualityIndicators.flxSolution.setVisibility(false);\n      frmDashboard.flxProblemStatement.setVisibility(true);\n   frmDashboard.flxSeverityJustification.top=\"2%\";\n    frmDashboard.flxSeverityJustification.forceLayout();\n  }\n ",
            "parentId": null
        }]
    }
}