{
    "AS_FlexContainer_ae532a037217437482f9a3e02486c241": {
        "id": "AS_FlexContainer_ae532a037217437482f9a3e02486c241",
        "type": "ACTION_SEQUENCE",
        "params": [{
            "datatype": "collection",
            "name": "eventobject"
        }],
        "language": "js",
        "actions": [{
            "id": "ADD_SNIPPET_ide_onClick_a5151cc2fc2241a09376f81673ee161b",
            "type": "ADD_SNIPPET",
            "codeSnippet": "if(frmDashboard.flxSLAList.isVisible )\n  {\n    frmDashboard.flxNoFirstResponse.setVisibility(true);\n    frmDashboard.flxResolutionToBreach.top=\"2%\";\n    frmDashboard.flxResolutionToBreach.forceLayout();\n\n frmDashboard.flxSLAList.setVisibility(false);\n  }\nelse\n  {    \n    frmDashboard.flxNoFirstResponse.setVisibility(false);\n    frmDashboard.flxResolutionToBreach.top=\"4%\";\n    frmDashboard.flxResolutionToBreach.forceLayout();\n     frmDashboard.flxNoFirstResList.setVisibility(false);\n     frmDashboard.flxResToBreachList.setVisibility(false);\n     frmDashboard.flxAutoClosureList.setVisibility(false);\n    frmDashboard.flxInteractionsList.setVisibility(false);\n    frmDashboard.flxSLAList.setVisibility(true);\n    \n  }\n",
            "callbackType": null
        }]
    }
}