<?xml version="1.0" encoding="UTF-8" standalone="yes"?>
<customComponent>
    <isOverride>false</isOverride>
    <i18nSupported>true</i18nSupported>
    <id>jsSPACustomWidget24282788920</id>
    <konyWrapperFiles>resources\thirdpartywidgets\chartwrapper\LineChart.js</konyWrapperFiles>
    <libraryFiles>resources\thirdpartywidgets\charts\Chart.bundle.js</libraryFiles>
    <libraryFiles>resources\thirdpartywidgets\charts\utils.js</libraryFiles>
    <libraryName>charts</libraryName>
    <marginSupported>true</marginSupported>
    <name>LineChart</name>
    <paddingSupported>true</paddingSupported>
    <platformID>0</platformID>
</customComponent>
