<?xml version="1.0" encoding="UTF-8" standalone="yes"?>
<endpoint encryptSecureInfo="false" name="default" type="RDBMS">
    <apiThrottling/>
    <config>
        <entry>
            <key>rdbmsDescription</key>
        </entry>
        <entry>
            <key>rdbmsDriverClass</key>
            <value>com.mysql.jdbc.Driver</value>
        </entry>
        <entry>
            <key>rdbmsConnectionUrl</key>
            <value>jdbc:mysql://localhost:3306/csepremiergraphs</value>
        </entry>
        <entry>
            <key>rdbmsUserId</key>
            <value>shiftroster</value>
        </entry>
        <entry>
            <key>rdbmsType</key>
            <value>MYSQL</value>
        </entry>
        <entry>
            <key>Password</key>
            <value>Kony$$123</value>
        </entry>
    </config>
</endpoint>
