{
    "@class": "com.kony.gen.viz.model.component.KVizButton",
    "DNDConfig": null,
    "__parentReadjusting__": false,
    "_height_": {
        "type": "string",
        "value": "6%"
    },
    "_margin_": [
        6,
        6,
        6,
        6
    ],
    "_padding_": [
        0,
        0,
        0,
        0
    ],
    "_right_": {
        "type": "string",
        "value": "0%"
    },
    "_skin_": "sb2fafcd3b0e407eaea9805386aaf11f",
    "_text_": "X",
    "_top_": {
        "type": "string",
        "value": "0%"
    },
    "_width_": {
        "type": "string",
        "value": "3%"
    },
    "canUpdateUI": true,
    "containerweight": 100,
    "contentalignment": 5,
    "displaytext": true,
    "focusskin": "sfffc3c7c11449f48a2502c1bd43dd5a",
    "id": "btnSegPopupLag",
    "ide_onClick": "AS_Button_d3edde8805ff4a50b431a6d008c34d56",
    "info": null,
    "isvisible": true,
    "kuid": "a43997b9cc2b42bb92dcc8810fdd4a41",
    "name": "kony.ui.Button",
    "parent": "flxPopupLag",
    "pf": "frmDashboard",
    "wType": "Button",
    "zindex": 1
}