{
    "DNDConfig": null,
    "__parentReadjusting__": false,
    "_height_": "25%",
    "_left_": {
        "type": "string",
        "value": "0%"
    },
    "_margin_": [
        0,
        0,
        0,
        0
    ],
    "_orientation_": 6,
    "_padding_": [
        0,
        0,
        0,
        0
    ],
    "_percent_": true,
    "_skin_": "sc0e131dd918429ea819b3d0e0b6647e",
    "_top_": "75%",
    "_width_": {
        "type": "string",
        "value": "100%"
    },
    "allboxes": [],
    "autogrowmode": 0,
    "canUpdateUI": true,
    "children": [
        "lblMTTRSolved",
        "gauge",
        "lblSeparator",
        "CopylblSeparator0a95b428cbf8644",
        "CopylblSeparator0h62ea44da8644d",
        "CopylblSeparator0ja645c9f859343",
        "lineChart"
    ],
    "clipbounds": true,
    "containerweight": 100,
    "enablescrolling": true,
    "id": "flxCharts",
    "info": null,
    "isvisible": true,
    "kuid": "d65141a6ca0f43efaeca2aff4cd9db33",
    "layouttype": 2,
    "name": "kony.ui.FlexContainer",
    "parent": "frmDashboard",
    "pf": "frmDashboard",
    "snapgridsize": 10,
    "snaptogrid": true,
    "wType": "FlexContainer",
    "widgetalignment": 1,
    "zindex": 1
}