{
    "DNDConfig": null,
    "__markedForDelete__": true,
    "__parentReadjusting__": false,
    "_height_": {
        "type": "string",
        "value": "12%"
    },
    "_left_": {
        "type": "string",
        "value": "10%"
    },
    "_margin_": [
        0,
        0,
        0,
        0
    ],
    "_orientation_": 6,
    "_padding_": [
        0,
        0,
        0,
        0
    ],
    "_percent_": true,
    "_skin_": "s1cf6cb91e42461ea37a2a4b22475b5c",
    "_top_": {
        "type": "string",
        "value": "2%"
    },
    "_width_": {
        "type": "string",
        "value": "90%"
    },
    "allboxes": [],
    "autogrowmode": 0,
    "canUpdateUI": true,
    "children": [
        "lblCustomerDiscussion",
        "lblCustomerDiscussionCount",
        "imgDropDownCD"
    ],
    "clipbounds": true,
    "containerweight": 100,
    "enablescrolling": true,
    "id": "flxCustomerDiscussion",
    "ide_onClick": "AS_FlexContainer_f3c90be6b6a24a00a8e36292f1eb9f2f",
    "info": null,
    "isvisible": true,
    "kuid": "d9ad279cefe34598a8d0eafaad41e564",
    "layouttype": 2,
    "name": "kony.ui.FlexContainer",
    "parent": "flxQualityIndicators",
    "pf": "frmDashboard",
    "snapgridsize": 10,
    "snaptogrid": true,
    "wType": "FlexContainer",
    "widgetalignment": 1,
    "zindex": 1
}