{
    "DNDConfig": null,
    "__parentReadjusting__": false,
    "_height_": {
        "type": "string",
        "value": "33%"
    },
    "_left_": {
        "type": "string",
        "value": "0%"
    },
    "_margin_": [
        0,
        0,
        0,
        0
    ],
    "_orientation_": 6,
    "_padding_": [
        0,
        0,
        0,
        0
    ],
    "_percent_": true,
    "_skin_": "s6272bfc2ba24c969b12685a942b9013",
    "_top_": {
        "type": "string",
        "value": "0.90%"
    },
    "_width_": {
        "type": "string",
        "value": "100%"
    },
    "allboxes": [],
    "autogrowmode": 0,
    "canUpdateUI": true,
    "children": [
        "lblCDCloud0",
        "lblCDCloud1"
    ],
    "clipbounds": true,
    "containerweight": 100,
    "enablescrolling": true,
    "focusskin": "s1019d580c5a435aa6cadbadb941568b",
    "id": "flxCDCloud",
    "ide_onClick": "AS_FlexContainer_dd7acb80302f46e7883b2850ea1b16b9",
    "info": null,
    "isvisible": true,
    "kuid": "f4058930341e4639a24d54b5be6f9a32",
    "layouttype": 2,
    "name": "kony.ui.FlexContainer",
    "parent": "flxCustomerDiscussionList",
    "pf": "frmDashboard",
    "snapgridsize": 10,
    "snaptogrid": true,
    "wType": "FlexContainer",
    "widgetalignment": 1,
    "zindex": 1
}