{
    "DNDConfig": null,
    "__parentReadjusting__": false,
    "_height_": {
        "type": "string",
        "value": "33%"
    },
    "_left_": {
        "type": "string",
        "value": "0%"
    },
    "_margin_": [
        0,
        0,
        0,
        0
    ],
    "_orientation_": 6,
    "_padding_": [
        0,
        0,
        0,
        0
    ],
    "_percent_": true,
    "_skin_": "s6b7cf3168e945cc9895c8f2020d8b05",
    "_top_": {
        "type": "string",
        "value": "0%"
    },
    "_width_": {
        "type": "string",
        "value": "100%"
    },
    "allboxes": [],
    "autogrowmode": 0,
    "canUpdateUI": true,
    "children": [
        "lblESCCse0",
        "lblESCCse1"
    ],
    "clipbounds": true,
    "containerweight": 100,
    "enablescrolling": true,
    "focusskin": "s1019d580c5a435aa6cadbadb941568b",
    "id": "flxEscalationsCse",
    "ide_onClick": "AS_FlexContainer_fd1a48d000ec4180aef09e2ef1b6c290",
    "info": null,
    "isvisible": true,
    "kuid": "f3235d26b3d84b8d90d226f120e47d6e",
    "layouttype": 2,
    "name": "kony.ui.FlexContainer",
    "parent": "flxEscalationsList",
    "pf": "frmDashboard",
    "snapgridsize": 10,
    "snaptogrid": true,
    "wType": "FlexContainer",
    "widgetalignment": 1,
    "zindex": 1
}