{
    "DNDConfig": null,
    "__parentReadjusting__": false,
    "_height_": {
        "type": "string",
        "value": "67%"
    },
    "_left_": "0%",
    "_margin_": [
        0,
        0,
        0,
        0
    ],
    "_orientation_": 6,
    "_padding_": [
        0,
        0,
        0,
        0
    ],
    "_percent_": true,
    "_skin_": "sded4149f6a24956b05b9052531c532f",
    "_top_": "8%",
    "_width_": {
        "type": "string",
        "value": "100%"
    },
    "allboxes": [],
    "autogrowmode": 0,
    "canUpdateUI": true,
    "children": [
        "flxTicketStatus",
        "flxLeadIndicator",
        "flxLagIndicator",
        "flxQualityIndicators"
    ],
    "clipbounds": true,
    "containerweight": 100,
    "defaultunit": 3,
    "enablescrolling": true,
    "id": "flxIndicators",
    "info": null,
    "isvisible": true,
    "kuid": "a576771620204e0aa9840dcf1aadcf43",
    "layouttype": 3,
    "name": "kony.ui.FlexContainer",
    "parent": "frmDashboard",
    "pf": "frmDashboard",
    "snapgridsize": 10,
    "snaptogrid": true,
    "wType": "FlexContainer",
    "widgetalignment": 1,
    "zindex": 1
}