{
    "DNDConfig": null,
    "__parentReadjusting__": false,
    "_height_": {
        "type": "string",
        "value": "33%"
    },
    "_left_": {
        "type": "string",
        "value": "0%"
    },
    "_margin_": [
        0,
        0,
        0,
        0
    ],
    "_orientation_": 6,
    "_padding_": [
        0,
        0,
        0,
        0
    ],
    "_percent_": true,
    "_skin_": "s6272bfc2ba24c969b12685a942b9013",
    "_top_": {
        "type": "string",
        "value": "0.60%"
    },
    "_width_": {
        "type": "string",
        "value": "100%"
    },
    "allboxes": [],
    "autogrowmode": 0,
    "canUpdateUI": true,
    "children": [
        "lblO31",
        "lblO32"
    ],
    "clipbounds": true,
    "containerweight": 100,
    "enablescrolling": true,
    "focusskin": "s637d7051ab44d42811be846eedfc731",
    "id": "flxO3",
    "ide_onClick": "AS_FlexContainer_ca08736ecad54dc28eb54d2bdf7f59e6",
    "info": null,
    "isvisible": true,
    "kuid": "f7f41bd8ecfb4538bf22dc1a2405d65b",
    "layouttype": 2,
    "name": "kony.ui.FlexContainer",
    "parent": "flxOpenList",
    "pf": "frmDashboard",
    "snapgridsize": 10,
    "snaptogrid": true,
    "wType": "FlexContainer",
    "widgetalignment": 1,
    "zindex": 1
}