{
    "DNDConfig": null,
    "__markedForDelete__": true,
    "__parentReadjusting__": false,
    "_height_": {
        "type": "string",
        "value": "12%"
    },
    "_left_": {
        "type": "string",
        "value": "20%"
    },
    "_margin_": [
        0,
        0,
        0,
        0
    ],
    "_orientation_": 6,
    "_padding_": [
        0,
        0,
        0,
        0
    ],
    "_percent_": true,
    "_skin_": "sfff2254dd014c2ebc8219e2c8730a1f",
    "_top_": {
        "type": "string",
        "value": "2%"
    },
    "_width_": {
        "type": "string",
        "value": "80%"
    },
    "allboxes": [],
    "autogrowmode": 0,
    "canUpdateUI": true,
    "children": [
        "lblOPMTTR",
        "lblOpenPending",
        "lblOPMTTRCount",
        "imgOPMTTR"
    ],
    "clipbounds": true,
    "containerweight": 100,
    "enablescrolling": true,
    "id": "flxOPMTTR",
    "ide_onClick": "AS_FlexContainer_fa5e91aec5794e96b2cbf2454ee22b2c",
    "info": null,
    "isvisible": true,
    "kuid": "fe89c07b45fe4e218cab0e54cfbd7d91",
    "layouttype": 2,
    "name": "kony.ui.FlexContainer",
    "parent": "flxTicketStatus",
    "pf": "frmDashboard",
    "snapgridsize": 10,
    "snaptogrid": true,
    "wType": "FlexContainer",
    "widgetalignment": 1,
    "zindex": 1
}