{
    "DNDConfig": null,
    "__parentReadjusting__": false,
    "_height_": {
        "type": "string",
        "value": "33%"
    },
    "_left_": {
        "type": "string",
        "value": "0%"
    },
    "_margin_": [
        0,
        0,
        0,
        0
    ],
    "_orientation_": 6,
    "_padding_": [
        0,
        0,
        0,
        0
    ],
    "_percent_": true,
    "_skin_": "s7e5d372daff4637a30ca8b9568b015e",
    "_top_": {
        "type": "string",
        "value": "0%"
    },
    "_width_": {
        "type": "string",
        "value": "100%"
    },
    "allboxes": [],
    "autogrowmode": 0,
    "canUpdateUI": true,
    "children": [
        "lblRB01",
        "lblRB02"
    ],
    "clipbounds": true,
    "containerweight": 100,
    "enablescrolling": true,
    "focusskin": "s1019d580c5a435aa6cadbadb941568b",
    "id": "flxRB0",
    "ide_onClick": "AS_FlexContainer_c3b5daa6dcd94a63958db6d3ddef81a4",
    "info": null,
    "isvisible": true,
    "kuid": "b4f5a819c1fc4207b5142cd00bfde8b1",
    "layouttype": 2,
    "name": "kony.ui.FlexContainer",
    "parent": "flxRBList",
    "pf": "frmDashboard",
    "snapgridsize": 10,
    "snaptogrid": true,
    "wType": "FlexContainer",
    "widgetalignment": 1,
    "zindex": 1
}