{
    "DNDConfig": null,
    "__parentReadjusting__": false,
    "_height_": {
        "type": "string",
        "value": "33%"
    },
    "_left_": {
        "type": "string",
        "value": "0%"
    },
    "_margin_": [
        0,
        0,
        0,
        0
    ],
    "_orientation_": 6,
    "_padding_": [
        0,
        0,
        0,
        0
    ],
    "_percent_": true,
    "_skin_": "s7e5d372daff4637a30ca8b9568b015e",
    "_top_": {
        "type": "string",
        "value": "0.50%"
    },
    "_width_": {
        "type": "string",
        "value": "100%"
    },
    "allboxes": [],
    "autogrowmode": 0,
    "canUpdateUI": true,
    "children": [
        "lblRTB11",
        "lblRTB12"
    ],
    "clipbounds": true,
    "containerweight": 100,
    "enablescrolling": true,
    "focusskin": "s1019d580c5a435aa6cadbadb941568b",
    "id": "flxRTB1",
    "ide_onClick": "AS_FlexContainer_j9d0f6ab1a174b03b653d0a120d62e49",
    "info": null,
    "isvisible": true,
    "kuid": "f4eb68d766234c64bc6840aaa38b5bdc",
    "layouttype": 2,
    "name": "kony.ui.FlexContainer",
    "parent": "flxResToBreachList",
    "pf": "frmDashboard",
    "snapgridsize": 10,
    "snaptogrid": true,
    "wType": "FlexContainer",
    "widgetalignment": 1,
    "zindex": 1
}