{
    "DNDConfig": null,
    "__markedForDelete__": true,
    "__parentReadjusting__": false,
    "_height_": {
        "type": "string",
        "value": "12%"
    },
    "_left_": {
        "type": "string",
        "value": "20%"
    },
    "_margin_": [
        0,
        0,
        0,
        0
    ],
    "_orientation_": 6,
    "_padding_": [
        0,
        0,
        0,
        0
    ],
    "_percent_": true,
    "_skin_": "s16b275bd4934c6aba5095a0114ea08c",
    "_top_": {
        "type": "string",
        "value": "2%"
    },
    "_width_": {
        "type": "string",
        "value": "80%"
    },
    "allboxes": [],
    "autogrowmode": 0,
    "canUpdateUI": true,
    "children": [
        "lblSolved",
        "lblSolvedCount",
        "imgDropDown2"
    ],
    "clipbounds": true,
    "containerweight": 100,
    "enablescrolling": true,
    "id": "flxSolved",
    "ide_onClick": "AS_FlexContainer_a1ea7a6c777f4d23ad69128fd51a1123",
    "info": null,
    "isvisible": true,
    "kuid": "c467b3fe47fb403eadc336d3c8d9a3bb",
    "layouttype": 2,
    "name": "kony.ui.FlexContainer",
    "parent": "flxTicketStatus",
    "pf": "frmDashboard",
    "snapgridsize": 10,
    "snaptogrid": true,
    "wType": "FlexContainer",
    "widgetalignment": 1,
    "zindex": 1
}