{
    "DNDConfig": null,
    "__parentReadjusting__": false,
    "_height_": {
        "type": "string",
        "value": "100%"
    },
    "_left_": {
        "type": "string",
        "value": "0%"
    },
    "_margin_": [
        0,
        0,
        0,
        0
    ],
    "_orientation_": 6,
    "_padding_": [
        0,
        0,
        0,
        0
    ],
    "_percent_": true,
    "_skin_": "s6a34709b9bf44e6874c86022fa4f651",
    "_top_": {
        "type": "string",
        "value": "0%"
    },
    "_width_": {
        "type": "string",
        "value": "24%"
    },
    "allboxes": [],
    "autogrowmode": 0,
    "canUpdateUI": true,
    "children": [
        "flxLabelTS",
        "flxOpen",
        "flxOpenList",
        "flxPending",
        "flxPendingList",
        "flxSolved",
        "flxSolvedList",
        "flxOPMTTR",
        "flxOPMTTRList"
    ],
    "clipbounds": true,
    "containerweight": 100,
    "enablescrolling": true,
    "id": "flxTicketStatus",
    "info": null,
    "isvisible": true,
    "kuid": "d8fc490387484e67802ca701500fa65b",
    "layouttype": 4,
    "name": "kony.ui.FlexContainer",
    "parent": "flxIndicators",
    "pf": "frmDashboard",
    "snapgridsize": 10,
    "snaptogrid": true,
    "wType": "FlexContainer",
    "widgetalignment": 1,
    "zindex": 1
}