{
    "@class": "com.kony.gen.viz.model.component.KVizCustom",
    "DNDConfig": null,
    "__parentReadjusting__": false,
    "_height_": {
        "type": "string",
        "value": "92%"
    },
    "_left_": {
        "type": "string",
        "value": "0%"
    },
    "_margin_": [
        0,
        0,
        0,
        0
    ],
    "_padding_": [
        0,
        0,
        0,
        0
    ],
    "_top_": {
        "type": "string",
        "value": "8%"
    },
    "_width_": {
        "type": "string",
        "value": "49%"
    },
    "android": {
        "render": false
    },
    "canUpdateUI": true,
    "containerweight": 0,
    "customProperties": {},
    "cwEvents": [],
    "cwid": "jsSPACustomWidget24282788921",
    "id": "gauge",
    "info": null,
    "ipad": {
        "render": false
    },
    "iphone": {
        "render": false
    },
    "isvisible": true,
    "kiosk": {
        "render": false
    },
    "kuid": "eafbf85a9dfc4bd789e5653d7a7321f3",
    "name": "GaugeChart-kony.ui",
    "nameSpaceIndex": 0,
    "parent": "flxCharts",
    "pf": "frmDashboard",
    "platformKey": "spa",
    "tabrcandroid": {
        "render": false
    },
    "wType": "TPW",
    "watchos": {
        "render": false
    },
    "widgetIndex": 0,
    "windows10": {
        "render": false
    },
    "windows8": {
        "render": false
    },
    "winphone10": {
        "render": false
    },
    "winphone8": {
        "render": false
    },
    "zindex": 1
}