{
    "@class": "com.kony.gen.viz.model.component.KVizImage2",
    "DNDConfig": null,
    "__parentReadjusting__": false,
    "_base64_": null,
    "_height_": {
        "type": "string",
        "value": "5%"
    },
    "_margin_": [
        0,
        0,
        0,
        0
    ],
    "_padding_": [
        0,
        0,
        0,
        0
    ],
    "_skin_": "s28c25a61d594f87999524262dc728d4",
    "_src_": "ref31.png",
    "_top_": {
        "type": "string",
        "value": "2.54%"
    },
    "_width_": {
        "type": "string",
        "value": "4%"
    },
    "canUpdateUI": true,
    "centerx": {
        "type": "string",
        "value": "97.14%"
    },
    "containerweight": 100,
    "context": {
        "channel": "desktop",
        "formID": "frmDashboard",
        "platform": "desktopweb",
        "templateType": "forms",
        "topLevelBox": null
    },
    "id": "imgRefresh",
    "ide_onTouchEnd": "AS_Image_b01da0bdd9ba4bc181176e3b8e1a733c",
    "imagescalemode": 1,
    "info": null,
    "invokedProperty": "src",
    "isvisible": false,
    "kuid": "f3dc5002c0064bda8c6679dfdb7a1fa2",
    "name": "kony.ui.Image2",
    "parent": "frmDashboard",
    "pf": "frmDashboard",
    "srcType": 1,
    "wType": "Image",
    "widgetalignment": 5,
    "zindex": 10
}