{
    "@class": "com.kony.gen.viz.model.component.KVizLabel",
    "DNDConfig": null,
    "__parentReadjusting__": false,
    "_height_": {
        "type": "ref",
        "value": "preferred"
    },
    "_left_": {
        "type": "string",
        "value": "2%"
    },
    "_margin_": [
        1,
        1,
        1,
        1
    ],
    "_padding_": [
        4,
        0,
        2,
        0
    ],
    "_skin_": "sbdae46490994b36aa8a0b497a280d62",
    "_text_": "No #Customer Disc...#",
    "_top_": {
        "type": "string",
        "value": "33%"
    },
    "_width_": {
        "type": "string",
        "value": "74%"
    },
    "_wrapping_": 2,
    "android": {
        "textStyle": {
            "letterSpacing": 0,
            "strikeThrough": false
        }
    },
    "canUpdateUI": true,
    "containerweight": 100,
    "contentalignment": 4,
    "id": "lblCustomerDiscussion",
    "info": null,
    "ipad": {
        "psp": {
            "wrapping": 2
        }
    },
    "iphone": {
        "psp": {
            "wrapping": 2
        }
    },
    "isvisible": true,
    "kuid": "b60379a15e084cec84b3dd0d73a69b88",
    "name": "kony.ui.Label",
    "paddinginpixel": false,
    "parent": "flxCustomerDiscussion",
    "pf": "frmDashboard",
    "tooltip": "",
    "wType": "Label",
    "zindex": 1
}