{
    "@class": "com.kony.gen.viz.model.component.KVizLabel",
    "DNDConfig": null,
    "__parentReadjusting__": false,
    "_height_": {
        "type": "ref",
        "value": "preferred"
    },
    "_left_": {
        "type": "string",
        "value": "6.58%"
    },
    "_margin_": [
        1,
        1,
        1,
        1
    ],
    "_padding_": [
        0,
        0,
        0,
        0
    ],
    "_skin_": "s37f64cf722d4c279685d3f3db830bbb",
    "_text_": "Cloud",
    "_top_": {
        "type": "string",
        "value": "24.72%"
    },
    "_width_": {
        "type": "string",
        "value": "65px"
    },
    "_wrapping_": 2,
    "android": {
        "textStyle": {
            "letterSpacing": 0,
            "strikeThrough": false
        }
    },
    "canUpdateUI": true,
    "containerweight": 100,
    "contentalignment": 4,
    "id": "lblSolCloud0",
    "info": null,
    "ipad": {
        "psp": {
            "wrapping": 2
        }
    },
    "iphone": {
        "psp": {
            "wrapping": 2
        }
    },
    "isvisible": true,
    "kuid": "a0528156d5014c2fb22ce9bfa0bff293",
    "name": "kony.ui.Label",
    "parent": "flxSolCloud",
    "pf": "frmDashboard",
    "tooltip": "",
    "wType": "Label",
    "zindex": 1
}