{"zendeskConnect":{"ticketDetails":{"servicename":"zendeskConnect","serviceid":"ed068c7f-b274-44b8-a287-fe70c4104e61","type":"integration","operationname":"ticketDetails","operationid":"216"},"ticketInfo":{"servicename":"zendeskConnect","serviceid":"ed068c7f-b274-44b8-a287-fe70c4104e61","type":"integration","operationname":"ticketInfo","operationid":"217"},"opencountTotal":{"servicename":"zendeskConnect","serviceid":"ed068c7f-b274-44b8-a287-fe70c4104e61","type":"integration","operationname":"opencountTotal","operationid":"218"},"comments":{"servicename":"zendeskConnect","serviceid":"ed068c7f-b274-44b8-a287-fe70c4104e61","type":"integration","operationname":"comments","operationid":"219"},"TraverseComments":{"servicename":"zendeskConnect","serviceid":"ed068c7f-b274-44b8-a287-fe70c4104e61","type":"integration","operationname":"TraverseComments","operationid":"220"},"solvedMTTR":{"servicename":"zendeskConnect","serviceid":"ed068c7f-b274-44b8-a287-fe70c4104e61","type":"integration","operationname":"solvedMTTR","operationid":"250"}},"GraphsData":{"graphinputs_read":{"servicename":"GraphsData","serviceid":"4b4af560-9fd0-43a0-bf38-6c937e1ecb3e","type":"integration","operationname":"graphinputs_read","operationid":"222"},"graphinputs_update":{"servicename":"GraphsData","serviceid":"4b4af560-9fd0-43a0-bf38-6c937e1ecb3e","type":"integration","operationname":"graphinputs_update","operationid":"223"}}}